{
  "args": {
    "input_dir": "data/tmall",
    "output_dir": "results/20260509_tmall_casp_policy_probe_hit50_primary",
    "chunksize": 1000000,
    "validation_windows": "pre:501:1001,gap:1001:1101,val:1101:1106,test:1106:1111",
    "test_windows": "pre:501:1001,gap:1001:1101,val:1101:1111,test:1111:1112",
    "gate": "pre_any_gap_silent_val_proxy_test_purchase",
    "selection_k": 50,
    "min_validation_net": 10,
    "min_validation_net50": 10,
    "max_validation_ratio": 0.5
  },
  "n_validation_users": 1648,
  "n_test_users": 45574,
  "selected_validation": {
    "policy": "cat_brand__sem25__n_cat_brand_le_10",
    "source": "cat_brand",
    "sem_n": 25,
    "gate": "n_cat_brand_le_10",
    "open_rate": 0.8950242718446602,
    "base@10": 217,
    "hit@10": 222,
    "gross@10": 5,
    "cannibal@10": 0,
    "net@10": 5,
    "ratio@10": 0.0,
    "base@50": 290,
    "hit@50": 308,
    "gross@50": 21,
    "cannibal@50": 3,
    "net@50": 18,
    "ratio@50": 0.14285714285714285,
    "base@100": 293,
    "hit@100": 314,
    "gross@100": 21,
    "cannibal@100": 0,
    "net@100": 21,
    "ratio@100": 0.0,
    "base@500": 293,
    "hit@500": 314,
    "gross@500": 21,
    "cannibal@500": 0,
    "net@500": 21,
    "ratio@500": 0.0
  },
  "selected_test": {
    "policy": "cat_brand__sem25__n_cat_brand_le_10",
    "source": "cat_brand",
    "sem_n": 25,
    "gate": "n_cat_brand_le_10",
    "open_rate": 0.789353578794927,
    "base@10": 21220,
    "hit@10": 21321,
    "gross@10": 101,
    "cannibal@10": 0,
    "net@10": 101,
    "ratio@10": 0.0,
    "base@50": 24853,
    "hit@50": 25537,
    "gross@50": 835,
    "cannibal@50": 151,
    "net@50": 684,
    "ratio@50": 0.18083832335329342,
    "base@100": 25010,
    "hit@100": 25802,
    "gross@100": 801,
    "cannibal@100": 9,
    "net@100": 792,
    "ratio@100": 0.011235955056179775,
    "base@500": 25034,
    "hit@500": 25834,
    "gross@500": 800,
    "cannibal@500": 0,
    "net@500": 800,
    "ratio@500": 0.0
  },
  "feasible_validation_policies": 94,
  "runtime_seconds": 250.11366891860962
}
