{
  "args": {
    "input_dir": "data/tmall",
    "output_dir": "results/20260506_tmall_casp_policy_probe_net50_10_deterministic",
    "chunksize": 1000000,
    "validation_windows": "pre:501:1001,gap:1001:1101,val:1101:1106,test:1106:1111",
    "test_windows": "pre:501:1001,gap:1001:1101,val:1101:1111,test:1111:1112",
    "gate": "pre_any_gap_silent_val_proxy_test_purchase",
    "min_validation_net": 5,
    "min_validation_net50": 10,
    "max_validation_ratio": 0.5
  },
  "provenance": {
    "cwd": "<repo-root>",
    "argv": [
      "scripts/train_agknet/tmall_casp_policy_probe.py",
      "--input-dir",
      "data/tmall",
      "--output-dir",
      "results/20260506_tmall_casp_policy_probe_net50_10_deterministic",
      "--chunksize",
      "1000000",
      "--min-validation-net50",
      "10"
    ],
    "hostname": "<local-host>",
    "python": "3.9.6"
  },
  "n_validation_users": 1648,
  "n_test_users": 45574,
  "selected_validation": {
    "policy": "cat_brand__sem50__n_cat_brand_le_20",
    "source": "cat_brand",
    "sem_n": 50,
    "gate": "n_cat_brand_le_20",
    "open_rate": 0.9726941747572816,
    "base@10": 217,
    "hit@10": 222,
    "gross@10": 5,
    "cannibal@10": 0,
    "net@10": 5,
    "ratio@10": 0.0,
    "base@50": 290,
    "hit@50": 301,
    "gross@50": 29,
    "cannibal@50": 18,
    "net@50": 11,
    "ratio@50": 0.6206896551724138,
    "base@100": 293,
    "hit@100": 322,
    "gross@100": 29,
    "cannibal@100": 0,
    "net@100": 29,
    "ratio@100": 0.0,
    "base@500": 293,
    "hit@500": 322,
    "gross@500": 29,
    "cannibal@500": 0,
    "net@500": 29,
    "ratio@500": 0.0
  },
  "selected_test": {
    "policy": "cat_brand__sem50__n_cat_brand_le_20",
    "source": "cat_brand",
    "sem_n": 50,
    "gate": "n_cat_brand_le_20",
    "open_rate": 0.9332294729451003,
    "base@10": 21220,
    "hit@10": 21321,
    "gross@10": 101,
    "cannibal@10": 0,
    "net@10": 101,
    "ratio@10": 0.0,
    "base@50": 24853,
    "hit@50": 24920,
    "gross@50": 1096,
    "cannibal@50": 1029,
    "net@50": 67,
    "ratio@50": 0.9388686131386861,
    "base@100": 25010,
    "hit@100": 26080,
    "gross@100": 1114,
    "cannibal@100": 44,
    "net@100": 1070,
    "ratio@100": 0.03949730700179533,
    "base@500": 25034,
    "hit@500": 26143,
    "gross@500": 1109,
    "cannibal@500": 0,
    "net@500": 1109,
    "ratio@500": 0.0
  },
  "feasible_validation_policies": 102,
  "runtime_seconds": 300.3725759983063
}