split,windows,validation_users,feasible_policies,selected_policy,open_val,net@50_val,net@100_val,ratio@100_val,policy_test,source_test,sem_n_test,gate_test,open_rate_test,base@10_test,hit@10_test,gross@10_test,cannibal@10_test,net@10_test,ratio@10_test,base@50_test,hit@50_test,gross@50_test,cannibal@50_test,net@50_test,ratio@50_test,base@100_test,hit@100_test,gross@100_test,cannibal@100_test,net@100_test,ratio@100_test,base@500_test,hit@500_test,gross@500_test,cannibal@500_test,net@500_test,ratio@500_test
validation_1,"pre:501:1001,gap:1001:1101,val:1101:1106,test:1106:1111",1648,102,cat_brand__sem50__n_cat_brand_le_20,0.9726941747572816,11,29,0.0,cat_brand__sem50__n_cat_brand_le_20,cat_brand,50,n_cat_brand_le_20,0.9332294729451003,21220,21321,101,0,101,0.0,24853,24920,1096,1029,67,0.9388686131386861,25010,26080,1114,44,1070,0.03949730700179533,25034,26143,1109,0,1109,0.0
validation_2,"pre:501:1001,gap:1001:1101,val:1101:1105,test:1105:1111",1545,111,cat_brand__sem50__n_cat_brand_le_20,0.9818770226537217,16,29,0.03333333333333333,cat_brand__sem50__n_cat_brand_le_20,cat_brand,50,n_cat_brand_le_20,0.9332294729451003,21220,21321,101,0,101,0.0,24853,24920,1096,1029,67,0.9388686131386861,25010,26080,1114,44,1070,0.03949730700179533,25034,26143,1109,0,1109,0.0
validation_3,"pre:501:1001,gap:1001:1101,val:1101:1107,test:1107:1111",1589,131,cat_brand__sem50__n_brand_le_20,0.9861548143486469,10,31,0.0,cat_brand__sem50__n_brand_le_20,cat_brand,50,n_brand_le_20,0.9695001535963488,21220,21321,101,0,101,0.0,24853,24797,1106,1162,-56,1.0506329113924051,25010,26075,1120,55,1065,0.049107142857142856,25034,26148,1114,0,1114,0.0
